v,class,Proposed FIS,Linear regression,Decision tree,SVR
1.6197005707454162,0,12.503634228623504,10.737951682153946,14.257093863834214,13.853006901731732
3.384354993009051,1,6.909431925504284,14.521426685068528,13.355254610894528,18.912533268267257
3.8688673531193216,1,13.997799004741072,16.29425048272614,13.355254610894528,18.064367188830495
2.130735813195763,1,13.239804474796587,13.58534207758879,7.545071124652515,18.77092204850285
4.2317527604777325,1,12.687152093927978,3.910315974898351,14.200582727683969,9.369538775503225
20.0,2,11.674092583801317,10.777330239604819,8.618474511479954,11.60318262593604
6.688471063825044,1,3.5343632668679996,8.122712450425242,15.461809037621794,15.090678708382157
18.67298367365093,2,2.0000007646731377,4.1193516205241245,1.6154842393867743,7.860855058718419
0.094020405261433,0,2.000000660158163,5.5489827872542286,1.6154842393867743,7.318845218283302
4.327438042207339,1,12.503634228690334,6.889681697127135,2.275405103767499,9.037005987514037
0.232525545957241,0,6.901479614382699,18.57632424698321,13.355254610894528,19.271819202157488
6.664033142568812,1,12.503634228623506,4.821444668558053,7.676504745155081,7.165267474597191
3.7626861073080784,1,9.871286227072815,11.977372987574011,1.6154842393867743,10.635411831946985
11.351792716795474,2,11.071179364019223,12.382831077893819,6.477679618025552,15.434480665696123
0.3209995250965909,0,12.828421902787133,13.524904403265161,14.197089013341442,15.555877283561454
20.0,2,13.340805734640892,13.566206302259474,14.200582727683969,15.57635128229034
2.0409070315591498,1,12.503634228586312,9.069146040423366,14.257093863834214,12.343611403601464
0.2238765918622382,0,2.0000000000079674,2.4944529182520334,6.477679618025552,12.079028319067245
13.136976077653786,2,11.071186566676937,13.59608432398243,6.477679618025552,16.952035089940225
9.643328929986788,2,11.071183224348347,13.637322945009132,6.477679618025552,18.400617869539836
1.3981698233666715,0,17.247370753144594,19.158615235830894,18.898018849388247,19.179948513002465
20.0,2,1.9999999999999998,9.016618281353699,7.824170024917122,8.661379929550517
13.497906331072777,2,8.921210023262446,14.696593174761087,4.182704970038939,17.098653498564687
7.1717583361229575,1,7.583265693298433,7.310046748592731,7.0157870276713625,12.749955482793355
7.383497540977858,1,4.915955615648854,12.593235279159103,16.72907527943218,17.44714841099498
1.859369840754452,0,5.935643189578897,0.0,1.6154842393867743,9.660432862508195
3.74234924729521,1,5.935643189578897,7.693238400309237,1.6154842393867743,9.699879976945045
1.667786077589844,0,2.0000000000001834,6.613229095656042,2.428969039487036,9.181269491024441
12.501523609858362,2,12.82842190278702,10.06333528344106,16.72907527943218,12.12599008621152
5.279574052368689,1,12.537245867431375,12.031675788178475,6.5029636273222655,9.233222536582282
5.246160990151949,1,12.820754726693742,11.216351052908806,16.72907527943218,15.223620112595096
10.370159915577563,2,13.997436351996845,10.371977082372506,13.355254610894528,16.244750707390303
4.328001634891511,1,1.6306511459303898,1.9692953221492706,2.3330551252202154,8.386521480269753
2.525150925177223,1,2.3227951775629587,7.351171531499666,2.428969039487036,10.280586654898503
15.00884817125556,2,11.733135216037102,13.423957868665502,13.34972747482291,17.821547093702733
5.241063248733071,1,2.0043644033364543,3.1967456230856985,2.3330551252202154,1.1573875556139228
6.813923873402364,1,6.851983766324715,8.371395013024744,3.7234966152290796,8.577222514150534
6.946261626662225,1,5.312314509810997,9.400270781122979,3.2459402425612858,5.232988563651631
8.74741121227034,2,12.828421902787133,16.422423467496685,14.197089013341442,19.821729413615813
14.60663869851387,2,14.238325203644012,11.331716126165169,12.601446393467752,9.897658001943933
4.289575743330591,1,4.788464051868448,12.173963323365541,4.933379960152906,9.837123364611264
0.1960001646759391,0,4.700020039092787,5.822802734019666,4.933379960152906,5.76265682356534
3.6714996186973954,1,2.4033954477585664,4.254479030421618,2.3624110932308624,2.7655695466226033
0.2309476940382471,0,0.6743434507107442,8.422501121825125,2.3440311481727005,2.888915118720514
9.917573647888608,2,4.843695977284926,9.48873193410494,4.933379960152906,7.797963919347053
3.302784406284475,1,3.9538736118157978,4.776691397079723,2.561100953473809,3.1690079438347247
1.3611251470667738,0,8.195463777823823,9.092371584699167,9.490516980885895,9.95497610070125
3.4642595975583403,1,2.4658305242603955,3.897312220064694,2.7639301306336006,1.936252455985012
4.98614807083882,1,17.244905303689745,7.940817970013014,14.752681525646947,12.217908666437708
8.257000889001784,2,8.161584892805223,9.9135351526545,10.65542991997227,8.493793291873025
0.5425596072335619,0,0.9815063763259867,9.906603531915165,1.6119597346783618,3.627879615639407
7.449604773240555,1,4.718870360960368,10.779938420099974,5.414447017733563,12.278189390402744
0.3153516933044483,0,2.20494549763502,5.524876037971314,2.3440311481727005,0.3416933639396138
20.0,2,13.868566978506651,12.29168120811506,20.0,14.112395450112684
20.0,2,14.445787064082815,13.520877669759898,19.626768913682223,13.013897192321778
0.6321519769557224,0,2.5596654271230843,0.0,2.7639301306336006,1.1770473894480062
1.7028594686467138,0,2.023569360415308,1.8723504956277655,2.7639301306336006,1.6517827692994995
1.747814971039778,0,2.332401230473877,2.6162303754775875,2.611849075686349,1.3335287116256715
2.9030462101328243,1,6.757092402770594,11.452249804935002,9.093688573095287,7.924481789332576
2.735154079385759,1,7.530066789219869,9.49825011150066,9.490516980885895,10.295223917282836
20.0,2,16.45695107049175,13.246205202235732,19.700065133136,19.189557758953974
1.2444403515715352,0,2.000031256736342,0.0,2.3624110932308624,0.5213113157602063
9.936564379037732,2,12.710302693447726,15.422902493634009,4.933379960152906,14.505334177434387
20.0,2,4.915959820037491,8.777057544876364,6.068655465256028,8.550295008861124
3.0380025524770327,1,6.648761740898106,8.45339188577377,4.730196018432713,5.539122385583157
3.968816154455595,1,0.35279031599537886,1.1636709180128193,2.611849075686349,2.049805757122633
18.59387185228045,2,16.185503247872354,13.229540784096315,19.700065133136,16.106155920321097
1.0324681002072638,0,2.442536252118145,3.281069063663182,1.516140245023151,1.1717112381131223
2.7190134828203765,1,2.022814757951602,4.151637136868056,2.7639301306336006,2.518118311266173
5.885356480610576,1,8.468527968248793,8.587622261638806,4.181006340308908,10.295215128698315
6.579323841787216,1,6.449236636279559,12.85781525082104,10.773104960167696,18.009512095079216
0.8193915176141122,0,6.208079359918698,10.249615242939134,4.181006340308908,4.644008617300337
1.309243743212589,0,2.2392063489739815,7.981857100005721,4.180167077531281,7.34726335020246
0.3189843868296752,0,6.174446388942396,14.469688016877065,18.898018849388247,14.061357955882393
3.894080505229879,1,4.0098664465320635,0.0,2.611849075686349,2.643041007621595
16.97861075636223,2,14.517244395544724,11.42319788198416,14.351208303215056,12.190268104922783
1.9433890615676104,0,3.9854954624807584,0.0,2.7639301306336006,0.0
7.636610638423898,1,8.192453075342707,7.008785105592748,5.287938877862637,6.126753483108004
4.263849121132587,1,11.96103990005741,11.403827335232112,5.287938877862637,9.670195478185008
5.895416919038969,1,2.000356743187203,5.467181446516173,2.3440311481727005,3.689000347495826
2.350287502967292,1,1.6473568209773437,2.7151317612366794,1.6119597346783618,3.3376655378599587
20.0,2,16.378461873856743,15.83550457662436,14.653088285958443,16.1467921923131
4.717060817944851,1,4.700038849718757,5.376556196825584,4.933379960152906,3.151669214040476
2.3107036653012885,1,3.1487288062227377,4.901948691476893,2.3440311481727005,3.8963267881353225
1.499225742322117,0,1.5097866930025103,6.726072146259135,3.2459402425612858,2.3831273079188833
0.7910135086325217,0,2.4031907853967063,3.6934091694727647,2.3624110932308624,0.0
0.9605164033394906,0,2.0002842066716178,4.207357207347761,2.3624110932308624,3.210787376855885
2.288051372219249,1,1.3961540872164009,4.147111111092076,2.611849075686349,2.7270921673486574
2.355750613140572,1,6.468509129638064,6.03145243727352,9.490516980885895,6.620531531108582
0.8656673939853902,0,2.000000143395064,3.3457989491854816,2.3624110932308624,2.2496088232903713
7.971619526940575,1,8.051229400879953,8.101862008449602,3.7234966152290796,5.738545041670172
20.0,2,16.94864885301325,10.931624778217754,18.91348834483108,10.19641618336555
20.0,2,13.138268416152476,10.27746053062878,7.545071124652515,9.053377956723667
4.117566983333103,1,2.0239298055664205,0.0,2.7639301306336006,9.696014471144695
20.0,2,8.226046545258297,3.6771905867259083,2.3440311481727005,4.76966946618268
3.5992925473596733,1,4.915955852326111,7.438155583926401,4.933379960152906,4.786884773282046
1.8883841381480893,0,2.3784235596552312,2.0533586451192436,2.3440311481727005,1.3853262843603655
5.559024657701154,1,5.376263430839442,8.612680684289405,3.7234966152290796,6.914248662301562
4.164250846316421,1,0.34958250089430765,8.60699092127077,4.550517887938087,7.53910618666301
0.2967185368605718,0,1.3976848951926844,0.0,2.611849075686349,1.622268901968667
2.266987650011806,1,2.0000001433164827,6.292467926457429,2.3624110932308624,5.736797140404136
20.0,2,14.5172443955873,12.624680077004914,14.351208303215056,14.892872442939488
0.2203275680234413,0,1.3952247122112975,1.6465058996114852,2.611849075686349,4.544576617221421
2.9699998491154944,1,2.4031907853733414,5.154968267860303,2.3624110932308624,4.328664453470089
0.4826591332571981,0,2.0404944881760776,1.2114708888048469,1.3753388760093113,2.1258744877329683
20.0,2,4.915955615527616,10.742727778044094,6.068655465256028,10.367731917768545
2.3645828378930247,1,3.74714507689266,6.251691903756487,4.798971168474393,4.74950059527377
2.836917594867841,1,6.000296856533013,8.602923116889029,4.174693348046714,8.657827868165638
8.46430340785715,2,5.064798347110777,13.639385590601997,6.068655465256028,15.895264751077377
0.0583438032487109,0,2.868806414700794,0.0,2.3440311481727005,2.0912561812313024
20.0,2,12.315949790126016,10.26949619311641,17.57750035678487,8.507314229884633
20.0,2,17.11156839773645,11.636726900078827,14.653088285958443,10.254395631465966
1.410175370439333,0,0.250743102934689,3.7362743589919694,1.516140245023151,3.6476011845397593
8.894865011952248,2,3.7455719667681313,6.088013797031946,4.798971168474393,4.310665522563333
4.243804241003611,1,5.718599536668864,6.504918394505172,4.181006340308908,4.178108810677327
10.1182576896989,2,4.922370815399777,10.533115435370245,4.933379960152906,9.737395893024324
11.28336507575542,2,14.502402365094705,10.97567018475453,8.577537754415976,11.243503377497015
8.922597910555304,2,9.165683046037826,9.98919692546768,17.57750035678487,8.303049855283145
20.0,2,13.544400461163967,13.748523992775457,15.12180430302811,13.220792491232288
1.0774192120080588,0,2.0000002091290368,0.0,2.7639301306336006,2.352456514418762
9.681033798364576,2,4.915955615526759,9.839875641536498,6.068655465256028,7.158341103589612
11.885832639027424,2,11.563682417395368,9.516937880969671,6.3019395512497605,9.277953317692203
1.189636970039495,0,3.189816196395201,1.8625068814007237,2.3440311481727005,2.451345023923139
1.387230769918666,0,4.915955615704949,7.868318852127364,4.933379960152906,5.001266141329621
1.02014111740389,0,2.1784193407582624,8.637407629778599,4.180167077531281,4.89414842209615
2.4214542909039336,1,4.614928557945407,1.3269276967939465,2.3624110932308624,1.419813872464145
3.0971082618527586,1,2.000195087282755,5.8973536166962495,4.850743737079587,3.5402855663247506
4.442029674895689,1,2.0001676251199725,0.0,2.3624110932308624,2.9745555274689632
0.12193533084563,0,4.933117169276576,7.298317334232684,4.933379960152906,6.866541998793994
3.8713207688163416,1,4.099209872014621,0.0,4.850743737079587,2.422781372521592
13.10784209406256,2,13.240398959535732,14.062906898877419,12.800397336610997,12.524657312850419
2.116663295658188,1,2.0002842066716173,0.9577550184947752,2.3624110932308624,2.3435262351373574
20.0,2,14.517244395544724,11.797472819709771,14.351208303215056,12.602154979361025
0.0789673237541282,0,5.771713708114662,6.561553809079584,2.3330551252202154,6.357154763395662
6.209293282784082,1,17.247370753089953,13.135397341202978,18.898018849388247,17.725492823455255
19.735103051080973,2,14.568447526183592,15.03098121314143,12.3988280768386,16.84900107605871
6.705705599451296,1,12.828421902787133,14.161878594255473,14.197089013341442,17.839419542885857
10.072985843212557,2,3.6221713459994476,10.255514191128944,10.773104960167696,10.257444821606828
1.4394068854915676,0,3.116579119477192,4.232277499425869,2.611849075686349,3.166849229201029
4.534001768733464,1,4.7009469813673235,7.237662214121788,4.933379960152906,5.592602604730004
1.5523233206960243,0,2.734038189090247,7.454779948670346,4.174693348046714,6.199603106481922
19.846415985298737,2,14.568435495274265,15.739323727080103,12.3988280768386,13.841907703577903
2.756849638399516,1,2.0000000000000018,7.007796762514635,4.174693348046714,8.146596361307413
14.20029263259386,2,2.332401230434676,1.2239122718801179,2.611849075686349,1.2379381558911078
20.0,2,13.24039895965784,15.32832035135166,12.800397336610997,12.108443329824604
2.563920016327073,1,2.00139436859072,4.161174703745164,4.850743737079587,2.9698296196004144
0.8812689089708596,0,2.000000143322859,4.013810562857428,2.3624110932308624,0.0
0.0904916797239141,0,3.1730930371271393,0.0,2.3440311481727005,3.186590041648004
6.0091311231386655,1,2.00000014332095,3.15070883167361,2.3624110932308624,5.128738138627275
2.64691080128154,1,3.029933663056791,5.011518840473588,2.3440311481727005,4.681380184207823
15.966754155730529,2,14.792938687735864,12.343453236095744,16.29939982992169,13.621397122428313
3.4842111477172377,1,4.709796784463971,6.414272054330669,2.611849075686349,5.574570768669395
9.420551099166714,2,7.785390555413335,12.171187525355272,14.591219983217398,14.510996381388466
4.452961778744732,1,4.700038849734283,5.5580899513520325,4.933379960152906,4.010001486436647
12.009816242499584,2,14.17951025837146,14.57224811117776,12.3988280768386,14.224700163392738
5.233282406863323,1,8.19245307515504,8.19303007960566,5.287938877862637,8.71360894356761
9.573835716998708,2,2.686434921577741,5.594830936085987,3.2459402425612858,1.9493408035184983
6.084849423762149,1,14.568447526173102,13.762271953269122,10.131807412390577,14.283561705160269
20.0,2,2.7075969471068424,8.479405057411897,4.174693348046714,9.328627672902535
1.5861014061983982,0,3.523237676297815,8.009601097914103,4.174693348046714,4.830879022079826
4.874805472324808,1,14.502521867976435,12.13636442885046,10.321551998254733,12.424559731211573
4.060983091687619,1,6.266172726931032,11.018433001353772,15.371451976678015,10.230100955205803
1.553326761756591,0,1.63069813198465,0.0,2.3330551252202154,0.0
1.037465689665976,0,2.0000001433165076,2.932306552254224,2.3624110932308624,4.2331374370281205
5.08210101786056,1,14.376140306476918,12.991829229151021,13.693298212487889,9.883627167314156
1.2105312651657507,0,1.6306981319846505,1.2504544279605874,2.3330551252202154,0.0
20.0,2,2.5242034781457114,9.806562783692284,5.414447017733563,8.388713724909179
20.0,2,12.828421902785838,13.639945941442608,14.197089013341442,14.06898517979183
4.817673457034252,1,4.099412989660172,2.8878369970574544,2.561100953473809,2.3313756399545884
19.11110216082325,2,17.247370753297982,14.462261464163259,10.131807412390577,9.96277435283922
0.8037501668223658,0,2.6836004385607226,6.054481407087422,1.516140245023151,4.207916603531219
6.235062097684717,1,3.7153171415528576,8.513493755571247,1.516140245023151,4.403748726925981
10.1638206540831,2,6.648794966517807,8.25141283087987,12.281517454105845,6.1257774538403
3.001508390126388,1,2.0033186793058144,9.18060864355403,3.7234966152290796,9.977016251038211
4.100715498618115,1,4.447964642542396,5.442665688548444,1.516140245023151,3.9135848072781974
3.311741593423068,1,2.9701272466074817,6.043471452484997,2.3440311481727005,3.6266429287333946
4.025573840621366,1,7.3605859850556445,6.287531182387269,2.7115618063439184,5.232916239863741
12.352951256500992,2,6.851978053106592,10.185979291451561,12.281517454105845,11.237607651021872
20.0,2,14.50325026287912,12.150421045831392,20.0,17.392364602676615
11.9498902861389,2,6.783662368057875,8.08344049128018,2.7115618063439184,8.196264996889155
4.054058672353457,1,3.230994516979855,6.967474618367696,5.287938877862637,3.304086392037439
2.6345700173414706,1,17.10101635394628,14.057767548661793,14.653088285958443,16.087748154987928
2.683284952741998,1,1.4631064872873214,6.969302197029418,5.287938877862637,4.302244242030881
20.0,2,12.828421902787133,13.610118632498931,14.197089013341442,15.538580948895495
2.88957499802084,1,4.681923698657903,10.737237260673703,5.287938877862637,9.357702794559748
11.034615437468222,2,9.016716783558422,10.55182443522364,17.57750035678487,8.691834713172854
4.241573679384792,1,4.915955615648823,9.628024039846274,4.933379960152906,11.043060786097653
7.729129400226245,1,13.29004954103879,11.049811755562,4.180167077531281,9.59847723097893
4.8221740738783465,1,12.828421902787133,9.924765637313191,14.197089013341442,7.019364552282845
17.558798170533255,2,15.822846234596362,10.784133486262434,15.12180430302811,13.533612257169272
10.535693965289942,2,6.852010017039793,11.247248809275666,5.841437248937292,12.643542363942522
9.145591271365474,2,2.000003239499411,8.898111102183712,4.174693348046714,7.027527665046109
18.50691958959675,2,6.845132274536789,10.90680259472766,9.223121960963292,11.127876925096018
7.479307194109271,1,7.53006678932797,12.603803925679262,6.3019395512497605,14.656442750161741
16.93735498839907,2,14.20831194032158,11.358921718413146,12.3988280768386,11.763022884583483
4.957607339898839,1,7.407333484372338,10.50918139854471,5.841437248937292,10.975570892904042
3.2039549373216443,1,6.42382652817906,12.770163739325772,10.773104960167696,16.943066143285066
4.5708397778402645,1,18.562186096030427,12.253610231450542,7.947752473459032,12.612497693740854
20.0,2,13.138292637875027,10.644302012554814,14.964355212047835,10.704286854858616
1.2295118971467556,0,1.3955434122649508,0.0,2.611849075686349,1.8805649609791404
18.326432001701207,2,12.645610095509664,12.809378844901826,8.950084613731413,11.245429184710858
11.410795509200096,2,4.65432409687401,17.725020496558884,14.653088285958443,2.9189598954591363
1.94749500120718,0,2.001770568539539,7.353381931863537,4.850743737079587,5.64901392875449
4.879088982106827,1,3.191027848285993,9.058970819629664,2.3440311481727005,8.292806759698594
4.911823496010476,1,7.241081375951621,9.249948655522184,2.3440311481727005,8.583583288549217
0.7818678072178185,0,3.0339870279376884,6.712162546074138,4.550517887938087,7.547050466364466
1.1058383801660296,0,7.9981468627995,10.481118154541585,15.371451976678015,14.324089484503922
4.361912602408681,1,3.9224259934518844,8.87483269999832,4.180167077531281,9.018876602066978
20.0,2,4.28675432364394,13.074592872961276,15.12180430302811,12.85749116990962
1.9387585995895145,0,2.0000001433164827,0.9698389211919194,2.3624110932308624,2.745054621289614
6.163496838510745,1,15.842927005191664,14.894779593798791,15.12180430302811,11.047257333609608
8.575869485327344,2,4.830388990071652,10.360839361110276,9.223121960963292,8.424189278612818
16.689986922366412,2,15.172142999558814,15.43142654597633,15.12180430302811,11.419274890316208
8.331018403470532,2,6.646846171876991,7.641270693134224,4.730196018432713,6.163391637451751
0.6163430631620335,0,2.0000000001146123,4.386631233676476,2.561100953473809,2.853268321932701
7.04597409194819,1,12.82842190278702,13.577918138611821,14.197089013341442,10.04312692015385
1.3265708506953593,0,2.0013939113393966,2.4163487765456946,1.3753388760093113,1.2730412954956982
13.357867651070183,2,12.82842089831034,15.363813678535553,14.197089013341442,12.611492660104886
0.7614203571374394,0,2.771477919149007,3.4831708674994166,2.7639301306336006,0.8047985512903661
11.878282892986316,2,14.503249719020191,12.517372665863105,17.117094082470533,12.934692082180284
2.4362022816454862,1,4.700019535378316,7.425317299281915,4.933379960152906,6.8577903526889425
9.404788266738077,2,14.492764984541049,11.952908701464905,14.752681525646947,9.295057950206086
9.846734896895924,2,14.5172443955873,8.87073156022075,14.351208303215056,6.018598077552346
3.648293963254595,1,3.1695502823973247,4.3823757004925605,2.3440311481727005,1.8677091383176574
2.4568802157489094,1,0.8972466166463696,6.977007494570505,6.04465885125521,5.926070057908988
3.827840619301468,1,18.017232301685645,10.809210144106686,7.947752473459032,10.970910475553497
2.425699685647897,1,5.297185601073013,6.401278265438915,2.611849075686349,2.9261615062009456
4.077208212320307,1,4.915957183488231,11.592699877584796,6.068655465256028,8.93629159678754
9.631298840948842,2,4.286754330445518,9.051838451728436,3.2459402425612858,7.316157238315696
5.042132891283327,1,4.91595561552961,10.680807657503111,6.068655465256028,8.441026641644559
1.63216860589165,0,2.3586585119036036,1.4455856081160299,2.7639301306336006,1.9738703113743261
6.085500140201429,1,15.8429333847873,13.908453235165553,15.12180430302811,13.130261002981026
4.350425892184563,1,15.84293283537531,13.674840688181735,15.12180430302811,11.953754921754527
6.359524208410126,1,14.5172443955873,9.152421529498223,14.351208303215056,9.95269099978083
3.147616236260272,1,15.842933829014349,11.889040867767392,15.12180430302811,10.13818892611556
0.923404129103849,0,7.010794366702605,2.256414120345002,1.3753388760093113,2.3244722242525757
4.748239054906587,1,3.741915895063557,2.0961257168450667,2.7639301306336006,0.713875372280178
11.157654994490878,2,12.324095441034373,16.273745921242458,13.693298212487889,14.36924655597976
2.475147199353989,1,7.529930693584021,6.962852001950999,2.611849075686349,2.9984464786585665
12.17803283064194,2,15.142137581166523,14.781208164399965,7.947752473459032,13.926621478074278
3.036674969082451,1,6.7557065869865855,8.137473904462382,9.093688573095287,6.454071084311453
20.0,2,14.568447524110454,14.348588327503396,12.3988280768386,14.841755022026613
2.1953415796835967,1,6.648733326156716,7.328146972017631,3.7234966152290796,6.963595100297095
4.364260246004548,1,3.7052783297785163,7.069823924232716,3.7234966152290796,3.2302511885906675
2.8926111051359413,1,6.74651107312014,7.269248459229126,4.181006340308908,4.660654971834798
3.3418787767808102,1,6.849952569148586,11.547813513328228,5.841437248937292,11.799561580297894
20.0,2,14.445787064082815,13.621802974961843,19.626768913682223,13.065024089984906
9.053363129014516,2,14.238311274326106,10.023376881423225,12.601446393467752,9.582303798599582
9.583246909074678,2,5.949074043782669,9.296718811608596,4.174693348046714,9.100779623811452
0.4350802386725897,0,11.431354150931577,9.662526400998907,10.773104960167696,5.8742984663996936
0.1673534014769857,0,5.786015459576031,12.131613797122535,9.223121960963292,13.02920441128788
13.715476454814084,2,6.908924606514225,9.517883679932915,6.805026864814725,7.917099959918615
11.459946796162322,2,12.82842190278702,12.271317263300523,8.950084613731413,8.461958050935946
10.090101584524156,2,14.760684265906201,11.888191848038016,10.65542991997227,10.867513338814064
1.5467350803006037,0,1.6473568206556055,3.4275653594682964,1.6119597346783618,0.5259891745432537
3.893827787655578,1,2.3332347357123613,4.811134412741346,5.841437248937292,3.550119287756342
10.397986537701996,2,4.7000195350320935,10.169681072862033,4.933379960152906,8.580195650941
7.766396819891426,1,7.882155374197353,8.762733343000384,13.34972747482291,8.81348102507365
1.8919852886727715,0,0.9822515687970924,1.0682152966504406,1.6119597346783618,2.622252147858223
20.0,2,7.5300667895525075,10.893187381969305,6.3019395512497605,10.73632809148279
14.755740129916672,2,13.24039604761585,12.983603566281488,7.545071124652515,12.758647438702551
7.433415513436347,1,2.1953729003373237,7.511826380934214,4.180167077531281,3.2850564705017504
20.0,2,12.82842190278702,9.300755475020834,14.197089013341442,9.433340432562472
20.0,2,7.460283877174394,11.107140186600079,12.3988280768386,10.442145813889674
14.691871965969264,2,17.928519799972065,11.932728233720841,13.693298212487889,7.663562951851698
1.871527808740785,0,8.161576160220234,8.677027139911646,10.65542991997227,8.087817899783559
20.0,2,11.686718291622755,14.35503124369043,15.12180430302811,11.217853756090127
1.3960967330901597,0,18.854096780153643,14.761131232200652,14.653088285958443,12.536454352977398
20.0,2,6.9612608742249655,9.360893914852754,10.65542991997227,6.543249932873902
0.7534512503206185,0,2.858328446795822,2.086511497003145,2.3440311481727005,0.2974067041970354
7.619960552421107,1,0.23772844334630158,2.7363291752708125,1.516140245023151,1.8259698811112397
2.360097818553267,1,2.0000001433164827,6.522641677956526,2.3624110932308624,5.463429514477067
3.491246874926986,1,3.306246375128883,5.027206501807768,2.3330551252202154,3.5111053491267867
0.9828789850622944,0,1.4268680929155781,1.5414863961614476,4.850743737079587,5.083977201694656
0.9659525512706746,0,4.428777611516464,5.978731656696884,2.3440311481727005,3.8565116829210204
0.9666697136670012,0,2.68868609252638,6.158789082714861,2.7639301306336006,1.8168804421899711
1.6632035578885989,0,7.530919637009385,11.163728874715199,10.321551998254733,14.694450118243713
0.7295827867323291,0,6.54843151450423,4.830895499896149,2.3330551252202154,2.807867609136636
2.87886901380189,1,2.4032304496792167,0.0,2.3624110932308624,1.465393268818965
5.451119457525437,1,7.530051486736609,9.669256897075234,6.3019395512497605,7.717962618371449
18.604472823670456,2,11.071124079087202,9.933369840550156,9.223121960963292,8.678777656711114
0.9667132122816646,0,2.0000001433164822,0.0,2.3624110932308624,0.4441733078950758
6.596294155891068,1,7.24685865051477,10.348873020382888,7.337380934529755,13.835898592332784
0.9765148710254198,0,2.000376831334873,2.185779528825826,4.850743737079587,2.706880819538317
7.563199336924993,1,6.180446126565628,11.111499827567187,10.773104960167696,12.625719237015453
12.108034993339738,2,18.991897674725653,12.35365824612095,7.947752473459032,11.633299584203751
4.175852041205197,1,16.516088019117344,11.83248670857217,12.3988280768386,11.058010031652909
5.340111289220839,1,1.6473568209338718,2.0403245912118564,1.6119597346783618,0.48011068601983986
20.0,2,15.72184794607891,10.499513647110428,7.808682438687519,7.353195324034795
7.168989393823909,1,3.097568791937948,10.696921868860302,5.414447017733563,8.872385440038467
20.0,2,9.464616378630078,8.115882140344734,17.57750035678487,6.970219038870341
1.0322476785304449,0,2.1159841845373752,0.0,0.24360002154874796,7.0879676019835856
1.127617753028543,0,7.072819366828548,8.50717344764408,4.180167077531281,8.33713762774062
2.9250715422230247,1,0.34472908539520414,10.472699630204712,1.516140245023151,7.395627807221007
20.0,2,12.771678029018023,13.076851944190171,14.197089013341442,15.621267862655413
20.0,2,17.874232474203986,13.370859721357297,14.653088285958443,13.718368584170971
2.927473968322605,1,2.4031908020298913,3.5260963488345656,2.3624110932308624,1.4582643933204231
20.0,2,17.247370753096575,14.776069639216393,10.131807412390577,15.713473710416448
10.921883950173983,2,10.9446431855226,12.05983264983615,18.898018849388247,13.422836728511973
9.58368267627024,2,3.2226470846825976,9.269199586356864,2.3624110932308624,5.265954823567975
7.689072196326213,1,2.4031910620776116,6.254179480609833,2.3624110932308624,5.419945959420863
20.0,2,7.881602681563988,11.644801765404925,7.337380934529755,12.303688030280982
7.03020742092737,1,12.828421893166631,14.227287619243207,14.197089013341442,11.808780508303956
14.717957741315852,2,13.044959464220769,12.834171719111227,12.3988280768386,14.04719215422286
0.6856586746881371,0,2.077931886763176,5.167284459635191,2.3440311481727005,1.1259979232058628
1.7527990464899157,0,4.699984795138345,7.687357744233812,2.3624110932308624,8.101235501632505
7.1759174411281546,1,6.648733628349832,8.577285422873917,12.281517454105845,7.164022364804194
2.2132547354190746,1,4.139955292898145,7.265730237685073,3.7234966152290796,6.991520099012198
1.6439284308561155,0,4.417746409035247,7.396461050313066,3.7234966152290796,6.67267887686959
7.293562368104563,1,13.240398897639297,10.714301549787404,3.7234966152290796,8.843157941747698
2.442889013333453,1,6.442804143959166,9.513342163717304,6.805026864814725,7.289392656868887
6.007611548556425,1,7.97585013286823,10.928253664820442,12.192520155870355,10.56342428775027
0.9667132122816646,0,6.718106870786294,8.593389982579696,12.192520155870355,6.774534945301388
7.010856597470773,1,12.491480710487249,6.0196843396569975,3.2459402425612858,2.7212958355127643
16.09925833959552,2,1.383294916271352,6.104300354687163,4.182704970038939,6.226553168204705
15.018013083911525,2,6.874521309033436,9.772458802279653,5.841437248937292,8.321295884391553
17.794964699764293,2,1.3898520863311097,9.32064534158287,4.182704970038939,5.775604218274605
0.9838529654087372,0,13.07881983396331,9.279792310964684,7.545071124652515,7.915908296616027
20.0,2,14.501651265503753,11.332698306591286,10.321551998254733,11.59635563476996
0.6308228170955922,0,2.0259146340535166,3.494377253107152,2.7639301306336006,13.957913188979841
4.594224044678127,1,14.5172443955873,9.95693631080157,14.351208303215056,8.74972533061433
20.0,2,16.400984587262577,15.244688602673417,14.653088285958443,12.468422325690643
1.804788936266688,0,1.6473568206010991,3.210544446208818,1.6119597346783618,1.6291342260727575
0.9659308356879382,0,4.700019075138023,8.908883372407018,2.3624110932308624,8.232491046615355
0.1329824055169112,0,2.4032512924076626,5.808313987615625,2.3624110932308624,6.20683246815636
4.934286706808697,1,12.828421902785553,13.746592526983935,14.197089013341442,12.6986318856314
1.6219050496791758,0,2.620545154007146,9.153520390127236,2.3624110932308624,7.88815536154586
0.6734659046353835,0,4.445945023039166,4.495949757333024,0.24360002154874796,0.1868424663261603
0.5325538754845284,0,4.700019437545394,7.61980918047768,2.3624110932308624,4.416311984268571
11.163038564061024,2,2.3120665031548744,9.485749413105353,4.174693348046714,8.181209114020776
1.4444151310983058,0,2.0047460424607855,10.163145238332474,4.174693348046714,10.192619312425562
0.0,0,13.950802296785598,5.998255558070287,8.227273577252175,10.84046413181855
3.773421973782473,1,4.915955615526759,6.742493140154708,4.933379960152906,5.392648490071162
0.2005168303165299,0,4.139954791997654,7.024197475174875,1.6119597346783618,6.064490168838399
0.654867864124474,0,2.0002842066716178,0.26510692447010875,2.3624110932308624,2.8197546582908926
9.888717669241226,2,12.612493907507572,9.79406952051037,14.197089013341442,4.877977943079518
11.129506454946371,2,3.1898161992642566,8.087312145635408,2.3440311481727005,10.793702124080685
1.8804901295735,0,2.8298728883546387,4.26004707562929,1.516140245023151,0.0
1.580537792466786,0,3.4713070622082047,7.764613266932152,4.180167077531281,4.9214249455355965
2.362295879951797,1,0.23772844335698887,0.0,1.516140245023151,0.0
13.968586435426658,2,6.667248278292079,10.876508368144371,10.321551998254733,7.514429478837747
8.408024794772993,2,17.893792012570426,9.057211805507764,9.223121960963292,6.931089029044778
6.705705599451296,1,2.8004788119034116,6.1419564147424195,2.7639301306336006,3.102152576670206
0.8220868844483685,0,3.088634302119857,6.993876812281906,3.7234966152290796,3.543765057000255
5.258261954056584,1,2.0142512079223147,7.234255368270221,3.5507476203335595,6.295071680321138
9.910399131143086,2,14.517244395544724,6.4116861966994545,14.351208303215056,7.978066206467102
9.005674808783613,2,9.69928733406104,7.5800056704272345,4.933379960152906,6.2706538943742025
13.758975315251371,2,13.239121480129413,1.0699965866337937,3.7234966152290796,3.522769362620636
1.2984299830929211,0,2.40319078538914,2.288041454141309,2.3624110932308624,2.0778344369212185
0.663438538326754,0,4.7000195351267395,4.39759185704503,6.068655465256028,3.297651214762352
10.26961925389146,2,14.108788911591295,10.65156983580685,19.14235924946556,10.653716288240915
5.46214072614154,1,10.577284196395526,7.327046496810389,6.805026864814725,6.758643061461731
1.566595559317158,0,2.403807285267112,0.0,2.3624110932308624,1.1732902808243688
0.5218149248453194,0,7.620199488478642,11.296846430464047,14.591219983217398,10.649937693863711
2.153358452571052,1,4.205821511660642,5.818223716732163,5.841437248937292,3.7106433706915203
1.3933887479916611,0,2.0230487049819996,0.0,2.7639301306336006,0.0
20.0,2,14.517244395544724,10.375156829896111,14.351208303215056,8.162314445272655
6.529080361770063,1,14.23832537816301,9.758828528196792,12.601446393467752,8.701143125533841
6.774313288789903,1,14.964146134680707,9.394701832603612,15.12180430302811,7.441897678368753
0.7251152822281898,0,3.493870472924094,0.8315431990771929,3.2459402425612858,0.0
20.0,2,4.915955615532447,7.207231488184958,6.068655465256028,5.755770285512476
3.3490523896104523,1,2.1757782335459677,6.546336649523582,4.174693348046714,3.0218917021885563
12.616914463027491,2,14.246349600485823,14.039958083455986,18.42296909077848,15.455801707514318
0.958582322313787,0,1.9919817835336233,2.8587407630940938,1.516140245023151,1.4611974360007167
10.198120396240796,2,7.211020786285301,8.317653768537763,12.3988280768386,7.797377806502207
0.3392113008477215,0,6.80080910012821,6.302326235572305,4.181006340308908,3.6299699044545237
4.659558605757938,1,4.20582151166063,6.283844196294811,3.549621942805767,4.295451474368839
2.7400573868944345,1,7.929529303819614,9.828579033919574,6.3019395512497605,6.8497920883710695
2.3621380067705053,1,2.0077154862865236,1.2857876204401357,2.3440311481727005,6.19324528565557
2.33717396956726,1,1.426685207621818,0.5350786160029388,2.3330551252202154,0.0
8.741879753069146,2,15.46385532341341,10.838604519432305,15.145774997855963,12.038619970892585
2.036535276451956,1,4.960297530599163,6.19789732679597,4.933379960152906,4.548986670871651
0.2720151195691664,0,12.82842190278702,10.615612935213683,14.197089013341442,10.459620086404165
4.969361324832964,1,12.828421902780207,7.003121275175533,4.933379960152906,5.130281153357819
2.180431022711756,1,7.094936099055252,7.130177140575823,2.7115618063439184,6.177775102533516
1.2828452623197364,0,2.000106172712975,4.638470521934175,2.561100953473809,3.6764614429033955
12.73352204747823,2,12.82842190278702,6.6402586233822465,4.933379960152906,2.0422832756739897
2.0965464423330085,1,3.7643729882635335,6.080569139231084,1.3753388760093113,3.041130080146745
7.816092761030823,1,7.429543851655056,8.74536592964034,6.3019395512497605,6.108015284573467
1.7844509757682785,0,1.4266852076679282,1.451352934012129,1.3753388760093113,0.16307316646628323
5.499833865222193,1,6.58617008255876,7.421509040022293,4.174693348046714,5.525273321411661
1.34557760111919,0,3.656838234902914,4.098289564376595,5.287938877862637,3.5336622691343713
2.6803725095840005,1,3.9386850056955445,5.087781021577404,2.3624110932308624,0.6694361506011459
0.4353793237973216,0,4.915955615526759,4.531088085792547,6.068655465256028,3.13595599320211
3.052052121803359,1,4.698907430987662,3.765634443289895,2.3624110932308624,1.615031171026228
6.709537373601749,1,4.915955615526759,4.466736376290469,6.068655465256028,4.201834115193862
1.0062570956155148,0,2.0077100107613206,0.0,2.3440311481727005,3.0338129638694458
11.833312395394731,2,9.03967353614284,10.814988184632394,9.297007034849456,8.571857041150322
15.376174081278144,2,17.23116106011384,10.22117123768435,10.131807412390577,10.59059594201754
17.300586198224,2,14.517244395544724,8.41216797708197,14.351208303215056,7.249179670573472
4.265091863517063,1,1.383294916271353,5.649171810402594,3.5507476203335595,4.997267709848488
9.672805422143812,2,1.3836709922938548,9.541086333282296,17.57750035678487,5.995456838547144
1.241252077609427,0,1.4266850190958873,2.463631753030331,2.561100953473809,5.105648129807859
20.0,2,6.770256736869848,15.09798910764909,14.653088285958443,12.662744726868556
18.67298367365096,2,16.240268700113994,9.772123624443465,19.700065133136,9.503906175114523
5.211945657051934,1,1.4668391311979463,9.286556158064368,3.2459402425612858,6.321487205710541
2.764149550699877,1,2.8202625790354072,6.4928078115870616,3.2459402425612858,3.4626798962930776
2.023361042908651,1,2.0000000000000635,4.444652968640256,2.561100953473809,6.33087009652865
0.0,0,4.205701925468903,3.2758061577486037,3.7234966152290796,1.1427065233154519
2.913748684640229,1,2.2220312733172336,7.543953325549048,10.773104960167696,6.8445026015715875
13.570815959708394,2,12.612494255292855,6.80351456257049,14.197089013341442,4.008124385574606
0.5216406107934146,0,2.997453505891212,5.175934375279431,4.181006340308908,4.9870130293629265
1.985942845025308,0,1.9919817834141675,0.7557811056105042,1.516140245023151,0.0
0.3199251673120974,0,4.2058520263382455,5.2259041107590285,3.7234966152290796,3.5439680368632924
4.293666247853795,1,2.1719966028960824,6.289020486537902,4.180167077531281,3.1641403699458044
20.0,2,9.302246006312894,10.277506450690675,9.297007034849456,5.147334075875536
0.1119987431593095,0,2.000000143316601,2.175607751031076,2.3624110932308624,2.155941751670918
20.0,2,14.568447526183595,13.154297090649052,10.131807412390577,14.569672128396453
1.666096085815362,0,2.3303887116119113,4.780759410900428,4.180167077531281,1.6918562174168823
20.0,2,16.273224005382627,9.21531540488764,19.700065133136,7.442400264186759
3.132717587516749,1,6.8112572806995075,7.113112758879412,4.181006340308908,4.887419229608323
6.806879403232492,1,4.915955615648823,8.620422508528913,6.068655465256028,5.139750843495198
4.418325820546225,1,3.2434930530577972,1.2364602415056423,1.516140245023151,5.075753203146126
2.0254562022477147,1,1.6473568206339535,1.0282177147678944,1.6119597346783618,0.6944325252636769
1.9802495209479685,0,1.6473568206339535,0.6814783305346221,1.6119597346783618,0.4852701880012962
5.686002379199004,1,3.9184912860224563,6.476284197780094,3.7234966152290796,1.9949337258307098
0.2271468687915891,0,2.538239876188702,6.4601019620490945,3.549621942805767,5.864462217090269
1.232013609531161,0,6.64811295091151,2.4049190276027392,2.3440311481727005,1.6766999617335312
9.215200312226443,2,2.1748942561141584,6.912692876318335,4.180167077531281,2.655651258219504
20.0,2,12.828421902787133,10.403880568241364,14.197089013341442,8.768844487127513
20.0,2,13.240397537713632,12.225596170803176,4.136516416879479,11.213287757757426
12.53505069959781,2,11.292475898983803,9.809310885200517,18.91348834483108,7.634995994482008
4.20624976428239,1,4.205821512703767,11.32826731015341,10.65542991997227,11.593402284826567
12.631403235919205,2,1.6844849840856697,10.200494229813277,20.0,5.447856656531497
4.629908575161492,1,1.678447993012862,4.9571315421599556,4.174693348046714,3.6298370911690654
4.82217407387835,1,3.8879782789128106,8.053392181029787,5.414447017733563,4.296086185317756
10.794940739359452,2,4.205821511660619,7.579133535317913,3.7234966152290796,3.8595773754544487
8.022820640502943,2,10.15851666286921,8.466717919396443,4.933379960152906,5.562215179093303
0.9226644066176292,0,2.403807285280072,0.0,2.3624110932308624,0.0
13.79527559055118,2,12.82842190278702,11.361236240255518,14.197089013341442,9.35888988999793
3.024539333464378,1,2.3465916768848873,9.00413501480946,10.65542991997227,5.048340048971702
3.016811491985476,1,7.053953461835295,6.158010734400492,4.181006340308908,4.913598940659668
4.398567935323094,1,11.071186479992507,11.460768472087818,9.223121960963292,7.631694772677022
1.569952814475599,0,3.9230247773408133,6.922436517350494,3.7234966152290796,3.5311774841760197
0.4727740146377988,0,1.6473568207234268,4.347991696104485,1.6119597346783618,2.7905251152862665
2.561004131909252,1,1.647360832299631,7.111703902528473,1.6119597346783618,7.630218431977465
20.0,2,4.285640886512509,9.685305426245112,10.321551998254733,7.637659351790288
8.106198263678584,2,5.418871384428264,8.134192635723952,5.414447017733563,7.118273194985481
20.0,2,14.568447526059868,12.502434905063279,10.131807412390577,9.947298688294625
20.0,2,12.828421902787133,10.608835330476301,14.197089013341442,7.916739756737606
7.123759716602596,1,4.9159556165357845,8.191725423405503,6.068655465256028,7.567375594756636
0.5055605524259367,0,2.4031907855331798,4.637538681815171,2.3624110932308624,1.5725298356510011
0.8519809529737615,0,2.0194318384495618,4.46747584479512,2.3440311481727005,5.217050464238075
11.325994432197716,2,5.6767314995599545,5.506955784614087,4.933379960152906,4.03272724120051
0.672840097233541,0,4.915955615526759,5.078470601587632,6.068655465256028,2.876695363381689
0.0831509240967874,0,1.010293798670766,5.858580880751299,5.841437248937292,2.6966744005199175
0.2814401604944935,0,1.363756121391074,6.355110304678175,7.337380934529755,6.075569003959544
0.1630892172926611,0,1.9686085353113865,3.826216144622106,1.6119597346783618,1.074569015717481
12.357071870870504,2,11.868821680552156,11.030131392930285,14.591219983217398,11.386619090016609
0.2453863352683681,0,14.568447526247075,10.928874019350598,18.898018849388247,10.972406283254058
0.4605384444455351,0,2.4031907854919488,0.40850545985132936,2.3624110932308624,0.2465842605218711
0.4655670814980898,0,4.915955615526759,9.120183201232294,4.933379960152906,3.7470263830649895
0.4125748720216142,0,6.0456284792725805,4.117984349997529,4.174693348046714,1.4211294703067212
9.16941215275514,2,1.3833973382459852,9.00867330704063,17.57750035678487,9.716804379333464
0.1215336832311731,0,0.24420988402742969,0.0,1.516140245023151,0.006927543318600016
0.2558546913586304,0,1.6306511458374306,0.39114860227635173,2.561100953473809,0.2935596694500511
20.0,2,10.571416002520808,13.299753950862984,7.947752473459032,16.276902615120306
0.3605521898967062,0,2.0779320484705854,2.7070494597204693,2.3440311481727005,1.0884274756861654
4.888789674486567,1,4.205821512059882,7.0750176600417705,3.549621942805767,4.686418391660277
0.2590355798270294,0,2.084472932049445,2.347930202018248,2.3440311481727005,0.7661519009229023
0.2910411887904408,0,9.15398903044841,10.45631145905747,17.57750035678487,10.352071230395943
0.1273914916793288,0,4.915955615526768,6.282751271224516,6.068655465256028,5.895587447133748
0.3061127144754622,0,1.3835317781738996,5.347646412838966,3.5507476203335595,4.226163071955694
2.017833480471453,1,3.7643465029339382,4.933821825564265,2.7115618063439184,3.8812895080686225
0.2302384773001334,0,1.6475422846039633,1.6712231300934617,1.6119597346783618,1.5153580902917962
0.2010158226857741,0,2.4031907854914327,1.8647768608633193,2.3624110932308624,0.0
8.376788688673535,2,7.376298832585983,7.746804213287565,7.337380934529755,6.717445597883744
0.4815111596315862,0,0.9814985903715235,0.8811660525599523,1.6119597346783618,1.3859997694425257
0.3922330259945789,0,2.0000000035445336,4.145784634667633,2.7115618063439184,2.3840239741895166
13.794406651549505,2,6.591364219996755,7.4029969949638765,9.223121960963292,7.187051084894614
0.2462546598251009,0,1.6496114853474848,0.8828840426117228,1.6119597346783618,4.276511147260541
0.2558376097057078,0,14.5172443955873,7.255411680735762,14.351208303215056,6.00588866764614
0.3539506801636481,0,2.4031907856086114,5.22212946836091,2.3624110932308624,1.5707131422671257
0.2590586405717114,0,3.699680420353105,7.786874992728252,3.5507476203335595,6.32773599345615
0.1495888595320936,0,4.205821511660587,6.8475668044478875,3.7234966152290796,4.561068602101369
0.412538145650454,0,10.620725394314407,9.786305840909082,5.414447017733563,5.141631889671569
4.213617909337878,1,2.175781043146537,7.59788874423767,4.174693348046714,3.2453980103474924
0.296599343698044,0,7.493211407244873,9.420792901349492,6.3019395512497605,8.331319910798618
0.5987532808398953,0,6.941501964272658,5.026828345747491,4.180167077531281,4.230695011008916
3.2175199954310347,1,5.4612775570429,8.350853318165873,4.174693348046714,6.168486716633045
2.9708065418131464,1,13.125755627287752,10.515483088313545,14.591219983217398,10.446818970415938
19.53855446525776,2,13.240398905413436,7.933170240720529,14.964355212047835,7.055648735045615
14.37007874015748,2,9.636994037525502,8.659413520847396,5.414447017733563,6.404987805316224
4.36308098313356,1,1.9993932824226435,4.422195353540943,4.850743737079587,3.6814889366912986
0.8145124225607847,0,2.0000001561963328,0.0,2.3624110932308624,0.0
7.500396969951713,1,5.683277657771526,9.668566287283266,4.174693348046714,7.258106237534536
1.961785493536859,0,4.205824793440222,2.815687830587648,3.7234966152290796,2.15592512165691
7.503689184774649,1,12.828421902787133,8.832620758865067,8.950084613731413,9.11131406742917
0.0697653607598952,0,2.403267263839234,2.269656388091007,2.3624110932308624,1.6756061961605848
5.099389190971425,1,9.785848113058389,8.447284214076715,6.068655465256028,7.627342838507182
1.9721465040462864,0,2.0000001433164827,7.013460514596699,2.3624110932308624,8.145876636854059
0.1087543799709195,0,0.9589757191887005,0.0,1.6119597346783618,1.2561724650146004
4.0983257056766815,1,2.17373197817131,4.699589934190431,4.180167077531281,4.438591494588107
5.003919266339151,1,6.985563869037392,9.417380911985656,4.180167077531281,9.226728782350351
3.6608786851792927,1,1.4937699333477399,3.600475079240953,2.3330551252202154,1.2298272755661905
1.9713465419710616,0,2.303888707281715,7.852501848810637,4.180167077531281,6.100841683316176
20.0,2,13.075622870778169,13.36944000432045,14.653088285958443,16.49230774676765
16.700361779101932,2,13.106486581881924,9.603988700280802,7.545071124652515,8.730561844601397
1.4734764152942832,0,3.507857761824172,8.050775043914452,5.287938877862637,5.528409728184373
7.78307729454965,1,11.07125087303247,7.789679614249928,9.223121960963292,5.416719004225036
0.7221870911728555,0,1.6306511458314816,0.0,1.3753388760093113,0.9234617756708623
4.210683920120957,1,2.0278300240038014,3.296100146737805,1.516140245023151,1.98358314266674
1.0397403972378008,0,3.1253844077488653,6.972093060562376,9.223121960963292,7.294211771615577
2.1437774502433435,1,1.4266852178505816,2.381129519842471,2.3330551252202154,0.9694142615216581
0.2616294936020596,0,12.82842190278702,3.9183122266845123,14.197089013341442,4.761704619847796
1.997542860333948,0,2.0135845227331117,0.0,2.3440311481727005,1.5156177785087745
3.2899607908782467,1,3.9183821264434973,5.982943238616546,2.7639301306336006,3.842293009044667
3.720002931570729,1,1.39264190970718,6.695331708667037,3.2459402425612858,3.1901458298001195
6.595210020323048,1,4.056054938548271,3.56994787146113,4.181006340308908,2.987317675155156
2.495459283185933,1,1.603223228422065,8.740186771240051,4.180167077531281,6.984041003912978
1.800864325169265,0,1.9339203975598567,0.3811431105669838,2.611849075686349,1.1514199384484112
6.356432934034905,1,4.487844296921989,6.844304340696272,9.223121960963292,6.636990567165748
4.597102289716665,1,4.700023396214688,3.1908855256779916,4.933379960152906,3.929471776660808
0.5957587263950523,0,9.236931227218495,11.149062131620566,15.145774997855963,15.291611229652425
1.142636845744631,0,11.269820545781453,6.922496383032124,12.281517454105845,4.288675584586132
3.300431497509757,1,3.9186439629603633,2.166946409783071,3.7234966152290796,2.3062844398512112
1.81164723085871,0,1.6473568211263885,3.420875467896482,1.6119597346783618,2.6822817150106566
10.642417248784348,2,13.240398959682857,11.619009513341663,14.591219983217398,13.885262783203466
2.219243944823688,1,2.07793188725533,0.39491997392120126,2.3440311481727005,0.6200127022556075
6.04349105894474,1,4.603052730067936,6.802850460363242,3.549621942805767,5.920481197324422
1.89428931454752,0,10.7179087703803,7.983921604502284,6.805026864814725,6.655488417913313
1.270806339081032,0,1.9999991443281482,4.167265813001726,2.561100953473809,4.267282402227438
4.515132344468418,1,0.9814988384247525,1.6032566063292917,1.6119597346783618,1.9870306590523912
0.0,0,1.9919817833152873,0.0,0.24360002154874796,0.0
10.9750066038319,2,9.232659694243194,15.012046396973336,15.145774997855963,10.569654266627682
0.3802027227028768,0,8.472175715129058,12.902659366262132,13.693298212487889,14.702452546425697
2.1549214215930497,1,2.0782402585849944,3.7921014774737145,2.3440311481727005,0.5062133478368356
0.9805756933737688,0,2.188939191609045,0.0,2.3440311481727005,7.328861785395182
1.0336456771943323,0,1.9919817834150777,0.0,1.516140245023151,0.0
2.841679396280716,1,7.363442431710659,7.508001980777964,7.808682438687519,4.652046288952715
0.4666550396010917,0,5.103282296649439,8.19103128322312,3.549621942805767,8.297835232683768
2.220746231576173,1,2.0779319106115683,0.0,2.3440311481727005,0.87668057621309
8.102863751846543,2,4.603052729632932,7.551958048755169,8.612397666006462,7.968113367703808
2.970755742730676,1,2.00000629035967,4.551005543122464,4.174693348046714,2.506883007287886
2.1013937260246327,1,4.699991868572642,3.55536804978986,2.3624110932308624,0.8085119870568365
4.5205329370126375,1,6.74022713055545,3.4304808712066377,2.3440311481727005,3.3205627691504436
0.3263406703199693,0,0.9814988384158164,0.0,1.6119597346783618,4.779657300475483
4.757021272580591,1,2.403190785411995,1.399115608682342,2.3624110932308624,1.4181032010330554
2.7676786220272893,1,4.915955615762648,4.3193840855849395,4.933379960152906,4.111092761736796
3.0389894616647264,1,3.328075053528209,5.07510456447197,3.5507476203335595,5.327525140800223
12.96298544794468,2,14.67901361169766,9.915775498833597,10.65542991997227,8.258965043560126
7.082028052944996,1,2.0000018754183455,4.977575514974022,2.7115618063439184,2.499520803239937
4.277752215923398,1,4.915955615648823,7.515382281059598,6.068655465256028,8.143809741610998
0.0,0,8.288050095200385,7.972203181465299,7.808682438687519,5.854539459561857
5.16521070595789,1,7.455473855279673,7.86042857098445,7.808682438687519,4.208569125794781
0.5589657856787354,0,2.0779318869110726,0.0,2.3440311481727005,0.6750410911982438
3.312366600784692,1,2.6957523468126094,4.087181311341132,2.7639301306336006,3.5760209720529197
2.5347998815323205,1,4.255459299154053,5.501721574590954,4.174693348046714,1.2282971855279978
20.0,2,12.828244954550867,11.879924832854684,14.197089013341442,14.743390774120977
2.032689152887297,1,2.0000005506675134,3.779122847381693,3.2459402425612858,5.955192671107751
0.2122798535091062,0,14.566154771874205,6.968323511059042,7.337380934529755,6.593016096411116
14.77010234534388,2,2.0990037041814733,7.673332214646475,3.5507476203335595,7.809397070176518
2.159772984750292,1,0.6743434507036774,0.0,2.3440311481727005,1.5188473583642192
20.0,2,9.163434986141514,10.258600143356766,15.145774997855963,10.031461450474259
3.778443074415364,1,4.205821512009145,7.557037255268053,5.841437248937292,6.322554906854181
1.4638902217237664,0,1.67570628668546,3.1519203809674794,1.6119597346783618,1.8779117590184988
2.153268822666679,1,4.447966312584466,5.267694281109232,3.2459402425612858,3.9294797493113274
0.0,0,2.4036852756328284,0.0,2.3624110932308624,0.0
3.382331915975197,1,3.9183838387042127,5.095898791200689,12.281517454105845,4.8090053129703625
14.728234314047466,2,6.696642223960547,12.980777700468419,6.805026864814725,8.701516724300799
7.282573841165783,1,8.32927764480013,3.860611795411538,4.181006340308908,3.379679701098879
9.964653140985108,2,9.079740602492352,9.073823792569701,18.898018849388247,10.55684204581977
5.199335648863757,1,4.915955615526759,7.259981578041286,6.068655465256028,5.792945778333657
20.0,2,12.35918954040112,11.675618242129447,19.13959772586955,10.886256128910167
3.1438451025264853,1,2.0731007932650507,0.0,2.3330551252202154,0.0
2.620458688971828,1,4.142490688691351,2.044479231948749,2.7639301306336006,3.480646838514474
8.805869775661417,2,4.487848986766916,7.394991233826645,9.223121960963292,7.0872207141501935
0.2601378582892714,0,3.141928296378744,2.895207874519812,2.611849075686349,1.8153812456044385
20.0,2,9.484579317217129,9.596606270649296,12.4220624727449,9.641917548208905
3.054709586270192,1,1.6473574497092969,0.9833722232745092,1.6119597346783618,2.5782552880850096
1.670669577412142,0,2.084472932004328,1.8278046959708458,2.3440311481727005,1.1089533087382888
9.147278048149532,2,4.83320525638367,7.318159159838652,3.549621942805767,5.483795859136529
20.0,2,14.5172443955873,7.411839356218645,14.351208303215056,5.048910722661716
2.781108390800364,1,4.700019534921723,4.192740398931234,4.933379960152906,1.8674129640901
1.909645015303317,0,9.017200028734244,10.066521480405708,12.601446393467752,10.79060627295865
1.4759422116683802,0,0.6759486538272028,0.0,2.3440311481727005,1.275086994146764
0.8905826109971545,0,2.0779477434748883,0.0,2.3440311481727005,1.4540236052320061
4.858211673718725,1,4.603053491892473,7.344596092573472,3.7234966152290796,6.065307492934872
6.87660347875235,1,4.603053492232229,10.019367436374827,5.841437248937292,7.358981037929411
1.649238876852866,0,0.24858224541871152,0.0,1.516140245023151,3.489470555479052
2.236402982739744,1,2.000000000000008,2.0772317579186526,4.174693348046714,2.2228756287659444
18.27002676010242,2,14.5172443955873,11.016428218325448,14.351208303215056,9.270712029780553
4.423052768819535,1,3.9183849207938506,6.066647458965829,3.7234966152290796,5.22131884690933
0.3143474371124268,0,3.214713527103258,7.882890679229643,3.2459402425612858,5.392035913966739
1.3892523253324465,0,5.094106551748345,9.19973586186603,7.337380934529755,8.11156060415779
4.855196671844591,1,4.328272005156501,3.8079278109137,3.7234966152290796,3.641519077339037
1.7427879398206445,0,6.52302671668734,8.418176470570979,9.490516980885895,7.873388740111582
2.3125936434059104,1,2.0000001433374046,0.0,2.3624110932308624,2.1674742665490374
13.303189301154037,2,16.121040519491068,10.32010924463283,10.773104960167696,10.999418333726055
3.247230809014194,1,12.828421902787019,6.782285224427029,4.933379960152906,5.108206541172718
3.735785235326151,1,4.915955664154919,2.9082732711690182,4.933379960152906,6.116964726204349
2.5733411504523263,1,9.846885918952268,10.885583823799742,9.490516980885895,10.13120137576464
2.03478144527088,1,13.121430970338363,6.5410323393107355,3.7234966152290796,6.885818436803148
3.990368972473481,1,3.214712845636792,4.261403224402654,3.2459402425612858,4.0724167792728325
3.6273166177092566,1,4.205821512009134,5.6148595693959455,12.192520155870355,9.696124267594975
8.9152391288473,2,8.489316403829784,8.078614402492304,5.287938877862637,5.384249272918884
0.0844231963932832,0,12.82840251576603,6.368215770967505,4.933379960152906,6.468141682064993
0.672273414090097,0,2.3982019912910486,7.947183627054469,9.223121960963292,8.317913701936975
13.984304814247206,2,13.114863759960667,6.738430643123469,7.545071124652515,6.754378935714737
6.910201798545674,1,13.21775566757456,6.786394366797099,3.7234966152290796,5.23645466263163
10.71748347510073,2,13.176111652827135,8.07562194484157,12.800397336610997,4.429639718770876
3.9253184207081,1,4.9159585672172454,6.9378432282313645,6.068655465256028,4.401930728668717
4.205214986893162,1,12.828421902787133,15.313104695744858,4.933379960152906,17.47892178451518
1.0221394919777285,0,12.82842190278702,8.463206661646042,4.933379960152906,6.801231589890404
10.551456417598152,2,4.915956194634518,7.953766298442765,6.068655465256028,7.936034059047588
0.6948568927522729,0,2.0278300240038014,2.5049320806131874,1.516140245023151,1.552438143400618
16.930265182369443,2,15.842934032568232,11.366186614323608,19.13959772586955,10.412226627952936
12.89181705157669,2,14.14499091296307,13.3945542747229,13.693298212487889,16.06330119066422
1.173927672530671,0,2.688529143678349,2.90507462471293,3.2459402425612858,2.2564830678578387
6.104396250124303,1,4.205822295683458,8.98403880807781,8.612397666006462,7.579365319107475
0.1032490579862825,0,1.9919817835132714,1.5625659799556813,1.516140245023151,0.9398492843909896
1.1954688307183394,0,2.6584898845985325,2.4686541163165794,2.7639301306336006,2.3084191617029663
3.257131850888477,1,3.9183843137509897,2.05283992344222,3.7234966152290796,2.2061689794547954
1.7614707943316354,0,4.545158456845951,5.157666344185405,5.287938877862637,4.958971059522887
7.831411881858969,1,8.698767825581495,6.32977547478305,4.180167077531281,4.880552585140294
0.3814677762955769,0,2.403190843891192,0.0,2.3624110932308624,1.6043634754987117
0.6947660954145438,0,2.0077190291299645,4.005667108878066,2.3440311481727005,2.9931817224603297
20.0,2,11.898574887131861,11.629945159682725,15.12180430302811,10.308577789287922
11.24309339083226,2,2.4503857953212043,8.830377285351705,4.182704970038939,7.625804415606247
1.3256756674955226,0,0.6744639240056827,0.0,2.3440311481727005,0.5935179029355524
4.982079185856485,1,3.998069149841961,4.062863815277395,3.7234966152290796,3.180036061876266
0.1794337338228733,0,5.550541663209843,0.0,2.3440311481727005,1.6116794693473278
20.0,2,17.245171848116648,13.03602049990122,12.3988280768386,13.864456524547132
0.3843687474261978,0,1.567471538833595,4.151010557699864,1.3753388760093113,2.208396468234742
2.7318013819701106,1,1.9339203975597836,0.15127317142631114,2.611849075686349,1.1508649686607058
6.864687296253575,1,4.915955615526759,8.011782162712112,6.068655465256028,8.084976376743947
0.9607502500582848,0,0.9814988384176633,0.0,1.6119597346783618,0.83642870595442
5.133968586676224,1,13.240295889295682,7.389977936247687,7.545071124652515,5.675977500759745
2.378794072862787,1,1.6306511458315043,0.0,4.850743737079587,0.0
0.2719060550237502,0,4.915955615648823,3.9447627105285115,4.933379960152906,5.888636352541704
1.8982080950840503,0,1.9999999991593362,0.07737795279057913,2.3440311481727005,1.2012308961941374
0.657443840336612,0,0.9814988384099179,0.5124966423608717,1.6119597346783618,1.5773125690693384
0.0,0,1.9919817833152873,0.0,0.24360002154874796,0.0
1.9036818921480383,0,2.0000001433164822,1.7719904081552524,2.3624110932308624,3.5303159204126544
1.4582515384023498,0,1.630515950760659,0.0,2.561100953473809,1.317708916092064
1.934725490359113,0,2.403190785527025,4.988007593931893,2.3624110932308624,2.7849581971353317
12.723507217847771,2,14.386908740308629,6.778239811963518,14.351208303215056,6.836681768330342
20.0,2,13.24039895970957,10.732431692594695,14.591219983217398,10.502666233716058
2.86719863240201,1,2.403190785385428,0.09765959671727842,2.3624110932308624,0.0593697570075129
2.986421328593847,1,4.4035390827891865,4.373365249344964,2.7639301306336006,3.8719983883045455
0.4841585993664677,0,10.51896002352077,9.458453236572533,12.601446393467752,7.390471631728286
6.597210957812151,1,7.533501203351407,10.982379230111995,10.321551998254733,12.27231082223361
2.8680228644341703,1,2.403190785508095,9.467918447743296,2.3624110932308624,7.9173517113917224
20.0,2,11.194368202131157,11.502737119801518,19.428181333610468,13.191494180043737
5.357362893308173,1,4.621260092279286,3.809761884977635,2.611849075686349,2.4884707283246925
8.935708861265438,2,11.266658634310913,9.567433355639377,5.287938877862637,10.356490564391821
16.058517110648527,2,4.230100920212963,7.167981051491507,3.7234966152290796,5.568553671138337
1.1547582977718895,0,1.4291469189731,1.0909203464656567,1.3753388760093113,0.9741540579523367
6.2004136780106505,1,4.915955615526759,7.1007986217811725,6.068655465256028,6.312070159489216
7.633067229182957,1,4.9159567713111025,11.895189095178488,6.068655465256028,13.590081735235032
3.597316106514723,1,3.914691595226367,8.084065072633017,4.180167077531281,7.5057939685583985
5.896467670628626,1,2.6956144814442897,4.699131252275241,2.7639301306336006,5.265551293798253
2.0748491367196897,1,3.2555597600901836,1.9549388413328161,2.3440311481727005,0.957484158472881
1.6804379881295106,0,10.144530544280888,3.226533790929766,2.3330551252202154,3.3657285833916246
9.465321325852235,2,4.693656728390822,13.668414764410283,8.612397666006462,11.688588707453432
4.469623153293134,1,4.915955615648823,4.919252584570636,4.933379960152906,5.495843505173972
7.083523900171816,1,14.233763996110648,8.383006613157567,12.601446393467752,8.157928523120779
4.1741657292838426,1,2.0565671679383204,2.087352448041049,3.2459402425612858,5.899445952221356
2.601689382735788,1,2.077931886820275,0.3380820245552272,2.3440311481727005,1.6162559484199956
7.356695600763216,1,7.380874264170469,6.310867016720306,7.337380934529755,5.573068632841588
2.1895857008628923,1,4.429764024743006,5.0003740813113176,2.3440311481727005,3.6329077238924103
4.299042683421314,1,1.641900532905523,2.8390865724497427,2.3330551252202154,2.5607515531473757
3.413062999547299,1,2.702501585399968,5.923878398906801,2.3624110932308624,4.786363703802136
14.850197921064064,2,10.235752622232571,9.774781712449574,10.321551998254733,9.29454491384124
7.323746693825433,1,0.9293343778271204,6.0744587886327235,2.3330551252202154,5.555081337774697
3.1856975038096285,1,3.8412926354800696,4.355171085328939,2.3440311481727005,1.1770571868985753
2.3634093931029714,1,2.077941805076118,0.5820021196597587,2.3440311481727005,1.5101385555118254
3.2809713125935382,1,5.452460792798429,4.176975968966034,2.3624110932308624,3.516985643097068
6.486194917666449,1,4.918941500384686,6.289778705650921,2.3440311481727005,6.237721186400021
4.998288257446079,1,4.725326091596925,1.9994719496692808,1.516140245023151,5.926988296331045
5.021020870802934,1,2.409370634486669,5.277775399629711,9.490516980885895,3.60266536760353
1.204833250364439,0,8.19245307535395,6.093876083202149,5.287938877862637,5.158505506043577
4.392085604684032,1,2.7005234760568624,2.9492389617215364,1.516140245023151,1.9630239781520098
0.2970381166507019,0,4.457418882893521,9.607472752719403,5.414447017733563,8.677466929757081
2.572727643298255,1,2.0000005482681282,3.218479167204599,3.2459402425612858,5.780840733863364
16.243779858747946,2,2.3465916783706375,11.402272818214252,10.65542991997227,10.607166761703533
2.1404963885961563,1,2.000000939994451,0.8639908177636118,4.798971168474393,2.4541047974290615
4.930264892551745,1,4.43333923402479,7.482897274076484,5.287938877862637,4.979307059320438
0.3504134158279203,0,4.725330100840851,3.7969480370790363,3.2459402425612858,1.964420349445704
0.0,0,3.2523957628486087,2.2755113691100384,4.181006340308908,1.9803657142621107
1.4911037302769607,0,1.327087725080612,4.7964753270224705,4.180167077531281,4.003145107107559
18.700787401574804,2,2.405297687305598,3.344135427902227,4.174693348046714,2.318791893469588
6.14406005259604,1,7.6201994601168,9.275456340715428,3.7234966152290796,8.208990758939597
3.814737397516033,1,6.266490574633196,7.23999390294208,4.180167077531281,3.341861009236462
3.6323118655893687,1,2.1748942561126605,5.169633714939985,4.180167077531281,4.429529379913484
3.6323118655893687,1,4.915955615526759,5.582410181840006,4.933379960152906,3.428789540577239
6.999510184466378,1,6.540352931134306,5.882377213975726,5.414447017733563,6.525162907045179
5.100642283195827,1,17.925914106003756,8.032164259384498,9.223121960963292,4.808704436289998
1.0051429895430946,0,2.0403030893716223,0.0,2.3440311481727005,2.628812582600913
4.145215021199276,1,4.915955615648823,4.91095539087306,4.933379960152906,4.117104564989329
1.1274334415291922,0,1.6473568205681233,0.0,1.6119597346783618,0.5740542083165199
0.3846501945877453,0,6.648112951896904,1.678116527419581,2.3440311481727005,1.352894333933655
4.478420908430319,1,4.205821512009108,6.2933406426804535,3.7234966152290796,4.389654335867251
6.33139850260345,1,2.0971854175724656,1.9466441815016715,2.561100953473809,5.444597888556349
3.231500489705129,1,4.205376464533172,7.976982529063813,3.549621942805767,6.526047865150904
3.4858626922177813,1,4.163475281733767,7.414016362177724,4.180167077531281,5.812865628973082
2.982748568176364,1,4.297155980459537,2.561416731875167,2.3440311481727005,1.9642100733897738
0.1500171338062071,0,2.3083287449357868,1.920846119470732,1.516140245023151,0.7584371819916864
10.38243148736642,2,18.841101938960755,11.715675191539363,14.653088285958443,9.39897735616431
0.5257345880545425,0,1.426685207621818,0.0,1.3753388760093113,0.6568716764330134
1.3029578080056727,0,1.9505691685931539,3.844610354306769,2.7639301306336006,3.80232031003423
0.2353744142723822,0,1.4266852094395497,2.125248504173105,2.3330551252202154,1.1025310806178439
2.242821653982215,1,1.6473568209482206,4.372828431457628,1.6119597346783618,2.269674111702267
2.615740800520632,1,2.6862228193317907,4.672234930269032,2.7639301306336006,4.3859947784130835
2.64946687250074,1,2.347414067963321,2.764404975133222,1.516140245023151,0.42093550825740067
4.712266080376315,1,2.1748942472283055,6.091053058918906,4.180167077531281,5.208209182480323
0.2071469340632265,0,3.5284902718229287,0.5721002106293822,2.3440311481727005,0.4021970150263403
2.138685389211446,1,2.000023508115297,5.575924155423184,4.181006340308908,1.4469214033779396
2.439170520717396,1,4.676980448060923,5.413042084178557,4.174693348046714,3.002348420772215
5.111601155066035,1,9.869841284693567,9.938975765959366,10.321551998254733,7.809207164566285
2.540046651288065,1,4.42426925580367,5.223667165521623,4.174693348046714,4.877418940867478
4.986059349342902,1,3.0386370336281314,5.387336494206162,4.180167077531281,3.1598681443178
1.7734670442398424,0,1.630651145838123,0.0,1.3753388760093113,2.220477574619207
3.680054973237744,1,3.6991824589311726,4.47285918339454,4.174693348046714,3.8620729275112904
20.0,2,19.99999995682224,17.135579682273985,20.0,20.4443382934191
20.0,2,19.873145160294534,15.02376566065202,19.092293597980387,18.204746133907406
20.0,2,19.845269728285626,14.221407466462153,20.0,18.14860314156417
17.77819033278575,2,12.537245327512656,13.02368557751643,6.5029636273222655,12.378864002691198
11.15406766839735,2,12.690957182911669,7.906315524329757,12.607520480283965,11.070298961941718
20.0,2,17.925914104636753,15.930357824476847,19.5437980437169,20.75805687199597
20.0,2,19.999999979521828,15.117529279653382,20.0,20.13070426746069
20.0,2,13.240398956427955,18.30291373292796,19.428181333610468,11.890291570210465
20.0,2,13.240398664700406,15.483076554220775,19.77668856852883,17.000791636774117
20.0,2,17.29138963926081,15.388170062753986,19.5437980437169,16.162086225917022
7.979339767721713,1,12.370363875318288,11.754566911698532,7.717969981992954,9.485256949573353
13.05420527338825,2,7.18518180688665,5.422988059693472,14.775716461222567,9.14811848861812
16.93539861470574,2,11.761716133380617,12.441506263784,7.824170024917122,12.072108533489608
8.231608126404902,2,4.80343479847368,10.506749576909549,7.0157870276713625,10.21589586637369
20.0,2,19.74851147689299,15.90957749127936,20.0,20.2869990474003
20.0,2,19.99713260087047,16.43529595372636,20.0,19.81740730041647
20.0,2,19.99999998848528,17.295915480476435,20.0,19.9878520506356
18.79306102362205,2,12.503634228690151,12.47821246306181,14.257093863834214,11.536900306138127
17.27688079394116,2,19.35040316666853,14.783026040969336,20.0,13.387420661460887
20.0,2,19.999924616367466,21.151160666665092,20.0,20.34564060757385
12.47409863240779,2,12.37036387530091,14.394168560077429,14.775716461222567,14.275351143061503
12.14279394850925,2,12.370363875318546,15.586260668733061,9.48468144083224,15.020951129692707
7.583920430998758,1,7.269750222559898,14.610433694974374,7.090158500852716,10.683142883436513
20.0,2,19.999321665296506,18.413147968044775,20.0,21.09808042312589
15.63805920907932,2,12.3703638753184,11.593934579937338,14.775716461222567,12.898608951737144
20.0,2,14.237763412066128,10.98642942498089,12.601446393467752,16.791101844858638
17.87772806314844,2,12.690957056517282,21.626053274450506,17.3118022831437,17.16012869768888
16.43605228958031,2,12.690927225342687,18.29925137583716,19.5437980437169,16.96077979443337
20.0,2,19.99999981423822,23.825429030391298,20.0,17.312946429199684
19.26893284680878,2,12.370363713020511,17.918603232048106,17.888871264882482,19.42924404626239
9.960448492325556,2,12.50370665531246,13.881154771753668,11.92675360104623,8.890802399781336
20.0,2,19.784030838947547,17.942205292479564,20.0,21.85904346183305
20.0,2,19.873145160294523,18.070245129747985,20.0,20.560285846828016
8.725031219140076,2,12.50370665531246,15.66809094068826,9.148259505929117,10.161532088799945
13.24066335283509,2,12.37036363702033,8.560304139470846,14.775716461222567,13.122869923281609
13.167104111986,2,12.503634228690334,8.504586808929368,14.089611110118906,12.810457100562042
11.50523660270621,2,12.690957182691218,6.881298381053642,12.607520480283965,12.039860664583909
20.0,2,17.925792384406797,12.658643271070131,19.5437980437169,17.940247997420187
20.0,2,15.383169582897132,13.0219671411405,19.748774639594934,16.606921102244943
20.0,2,19.872995014139484,14.394135688397665,17.908709846417175,17.46148976387789
20.0,2,19.98795250690194,17.908298972430718,20.0,21.76343471881104
17.68715477729463,2,12.21092268770618,16.79015928805421,19.5437980437169,14.983390178145278
20.0,2,13.235387137911152,12.590335069812312,19.428181333610468,15.241415406051843
20.0,2,12.828421902158624,11.373985364575717,16.72907527943218,16.225883149656458
20.0,2,19.99927094801964,26.190088581141495,20.0,17.105340592073965
10.1286085869129,2,12.690957182691218,16.46443611196719,9.601470794522978,9.152211449087156
20.0,2,19.999999999999993,16.084082067761315,17.877095884666996,18.419525590074045
20.0,2,15.842934014076118,13.16174637871845,19.748774639594934,19.02812720453095
20.0,2,19.991199336994704,14.601857957942347,17.877095884666996,17.844899840559776
20.0,2,11.000000003244235,17.495110875350733,20.0,11.304494075543058
9.005905511811024,2,12.690957182691218,16.527601558143346,9.601470794522978,10.575371240911664
20.0,2,15.323746137354762,24.71679800345701,20.0,20.942987872096758
10.00656167979003,2,12.50370665531246,13.921330441482516,11.92675360104623,11.991445120471043
10.36745406824147,2,6.20810901920223,2.5226295953492706,7.824170024917122,6.376528702683501
20.0,2,19.998329660730203,21.552212315398744,20.0,14.395961768662648
10.02224346016898,2,5.818932532852985,3.142416321391037,12.607520480283965,7.623185200090529
20.0,2,17.925910887870113,16.59560178773259,19.5437980437169,20.291253558452688
20.0,2,19.999999979522006,19.022789583923114,20.0,20.573535632981557
20.0,2,15.690775138463243,14.693006034482732,19.13959772586955,19.326933718581465
20.0,2,13.240398959710689,14.176472767022045,19.428181333610468,18.665399349050098
13.50885826771654,2,11.67238828773451,13.957193773629651,11.218243815729306,14.796459562852036
20.0,2,19.873145160294534,14.54111381748394,20.0,18.626143351512958
9.357339850962468,2,11.997925954221616,13.144019276278316,9.48468144083224,11.660984664188032
14.73081415062352,2,19.999891644181787,22.70758286722315,19.385225836669406,14.742335167247877
20.0,2,19.999999979522006,16.814097294906922,20.0,19.23477670559012
20.0,2,19.999999979522006,16.749477044258196,20.0,19.178860874547155
9.652457235948956,2,5.818719690329036,4.318538902061016,12.607520480283965,9.45532238984714
9.652457235948956,2,7.269625322396545,7.29299535102157,9.658893515745287,8.639778404196674
7.914380530335577,1,12.370363875318546,11.174941818826209,7.717969981992954,9.898227732872648
20.0,2,17.020902247782043,13.819121578245094,20.0,18.268925769898285
8.313143549364023,2,12.370363875318546,10.967080308317268,7.717969981992954,11.555155233408204
7.719347581552307,1,11.057902072313338,13.41982354513775,7.045016117334867,7.9408427453797135
8.208952992155892,2,11.057902072313338,17.248826673458005,8.454007939546212,7.952570581863209
20.0,2,14.238326606680479,20.463804855448586,20.0,13.794766737577831
20.0,2,12.027503621521722,13.523873815077435,16.72907527943218,11.073920917800628
20.0,2,15.110159207246038,21.621289581938303,20.0,21.323964924611765
8.886684440035546,2,12.370363875318546,9.777315811121737,10.169735933741142,11.18485234028148
20.0,2,19.99999921481046,20.897252430780803,20.0,19.90322326731946
20.0,2,19.593565577384016,20.08584508317203,20.0,19.944093744619817
20.0,2,14.189302429467782,13.011897008010227,12.601446393467752,16.376988661605225
20.0,2,19.873145160294534,17.57785920035506,20.0,19.951769251806578
20.0,2,19.99655050130061,16.718115940941388,20.0,19.28795948183915
20.0,2,19.999999995420733,16.726866522695087,20.0,19.24802527645516
20.0,2,13.149323738379456,15.939590132794343,20.0,17.936387028696572
16.5539458411691,2,12.41276689433787,17.764566916067242,17.3118022831437,15.345130271727406
20.0,2,19.999964750924644,16.93479887198228,20.0,19.261578334290757
20.0,2,19.999989294242294,16.90558101482246,20.0,19.218389640904668
9.626991410771666,2,4.81077693752672,6.272523432715003,2.428969039487036,9.078104604441917
20.0,2,19.999904631595456,16.660328933259503,20.0,18.494848365621188
18.41853744345786,2,12.503634228685584,16.024122385458604,8.618474511479954,16.57013977703459
20.0,2,19.99995861089583,15.73963680539321,19.566624967856246,19.82424354190223
14.33154473752177,2,12.503634228689771,9.194954248656817,14.089611110118906,11.26606770268111
20.0,2,19.873145160003425,14.659932564641913,20.0,17.675339111984187
19.21756760383044,2,17.71291483036014,12.991463695563684,17.908709846417175,17.44278513312396
9.081533155013854,2,12.022544646885937,13.805760312929328,8.454007939546212,8.933319382664084
17.40810754499127,2,12.690955525539957,11.613588629094082,17.3118022831437,15.024502894722637
17.37362845874459,2,12.418866619586394,11.8143082750834,14.394535436855685,16.735106774937066
14.90601594008066,2,11.611380413240157,11.824051415578039,20.0,14.711724927900896
8.105314960629922,2,12.60915441552415,12.043698635795153,8.369683971766223,9.228219384329073
12.71501470041567,2,12.690957182691218,14.601978665035952,12.607520480283965,14.53698603981383
9.170770064215844,2,4.803408847689444,11.84611143349161,7.0157870276713625,11.02781557877756
6.972313944627889,1,5.818719689566159,6.67282897588878,7.799247077652089,6.356414287100801
20.0,2,15.842899454733836,15.092196585071493,19.748774639594934,19.27118851660668
20.0,2,19.999999937643594,17.724659167072726,20.0,20.613184312088883
20.0,2,14.149258881344092,16.148575934018933,19.14235924946556,18.01481822021904
7.870454221679423,1,12.370363875318546,10.648063459274574,10.169735933741142,9.54124395869212
18.72126426995068,2,4.971717482170468,12.843321653254565,16.72907527943218,11.6828865593614
6.578813976377953,1,5.818719689566159,8.286992963994352,7.799247077652089,3.8896749701986826
13.48656563348147,2,10.776255882525419,12.643728917638594,14.538994056020607,16.043208175788745
20.0,2,19.999999408023044,16.536788133146914,20.0,15.2619039324534
18.23137492428831,2,6.874534612238643,15.790320895616137,16.72907527943218,16.764201564814407
16.62628709872805,2,18.469645185638623,16.17312245217889,15.427409429804511,14.180164760665765
20.0,2,19.99999999522341,11.013147435192607,20.0,11.62751363917522
19.12758692774023,2,18.226978844542224,8.404582503899741,19.568512637180334,7.6650016807774835
20.0,2,7.539094088084029,8.668627592418304,19.568512637180334,8.052219968522467
20.0,2,19.99999999949804,14.689033532248558,20.0,14.188917509017662
13.85280637110879,2,10.965935622364155,15.665504115918043,11.92675360104623,16.550050455443046
19.48797030771056,2,11.844305945454218,8.307045296918538,19.33146764032551,6.553249707797977
18.12761600838931,2,12.672972089214245,17.709462630816322,15.354904269772444,16.808701765289793
15.09190742048087,2,4.01825295509817,17.824626134054256,17.3118022831437,16.524840660832446
20.0,2,19.873145181448393,10.710262122052272,20.0,10.606733682670008
20.0,2,19.999999995196895,13.319937014623878,17.877095884666996,17.009645699688036
20.0,2,8.693460290935409,11.112688505042957,6.805026864814725,12.291318928465857
13.98015207735764,2,18.099142280636684,12.577563703355086,19.568512637180334,15.273002943606565
20.0,2,14.238306956168351,16.034659068134076,12.601446393467752,17.099475331553535
20.0,2,19.999986788435237,13.550976844230448,20.0,17.458171306548774
20.0,2,12.828421902787133,12.396741228126226,14.197089013341442,15.060173432966884
20.0,2,19.873145160294534,13.916611710184899,20.0,14.427411414942402
20.0,2,14.09203194933905,13.434538968129232,20.0,17.686076845626623
20.0,2,17.135336420235017,9.880089401670562,20.0,7.505018233836598
20.0,2,19.998574071805965,12.281383657399221,19.640339032669583,11.343525852977233
20.0,2,11.939071642035117,16.840368486079782,14.197089013341442,15.71348038556356
20.0,2,15.553649875115415,20.386080814359133,15.12180430302811,20.711533731698427
20.0,2,12.828421902787133,12.723565432234576,14.197089013341442,13.683371839808121
20.0,2,19.87313808039078,11.936771497667621,19.092293597980387,12.267920114349963
18.01181102362205,2,10.293494179062836,17.339518441785952,15.354904269772444,18.05498818805181
20.0,2,19.999999988194446,14.460787729912116,20.0,14.194606008088229
20.0,2,19.98720659693901,12.958618291975629,20.0,13.386023746608014
20.0,2,19.999448842875147,13.307191612631927,20.0,13.930010030712191
20.0,2,19.80000125761464,21.9699175331518,20.0,21.27802527911411
20.0,2,19.999985647427838,20.93748848662016,20.0,21.64589320926426
20.0,2,10.25102442268936,14.510303876229418,20.0,17.413905023451285
20.0,2,12.53261186881222,15.322552588940251,20.0,15.472339508998104
20.0,2,19.999999965514068,11.270200515695329,20.0,12.352886750209356
20.0,2,19.999999936597792,13.431887767089917,20.0,14.263542762205468
20.0,2,7.220548640158869,9.335713525532327,3.7234966152290796,2.6567162904654404
20.0,2,19.84779308066433,20.839877944551745,20.0,12.70862619116727
14.78385163231001,2,4.428760047234749,10.936612858393403,13.168152862444861,10.514267492405535
20.0,2,19.999924166833654,11.544183775614568,20.0,11.27248601165053
20.0,2,19.999950053321808,11.494850408367784,20.0,9.650435319735392
20.0,2,4.174021754854773,20.06700753628178,17.57750035678487,14.441047253774396
20.0,2,19.999005436382525,12.538159157555391,20.0,11.355101881994024
16.4196688262345,2,18.469645178777004,10.804160999173089,15.427409429804511,7.442572590838532
20.0,2,11.49761208051522,12.27544216331098,20.0,8.60236700666358
20.0,2,11.899499869292791,20.089847350877154,14.197089013341442,20.992277727647547
20.0,2,14.568447524023577,20.27009970442253,12.3988280768386,20.457466533096717
20.0,2,19.87314515579645,13.810899120850172,20.0,15.423090173934234
20.0,2,19.873145160294538,19.24881752018255,20.0,20.27544337782285
20.0,2,8.186479487376564,13.056312745273416,20.0,14.131573460110936
20.0,2,19.873145136492546,11.045383837158445,19.092293597980387,9.420337956150275
13.29430268707842,2,4.710066932603703,6.3593301417417525,2.611849075686349,4.650054876214638
20.0,2,19.998491501818645,21.43165802150208,20.0,21.470301867710397
16.12805995935591,2,2.688673195835528,8.51638189220511,2.7639301306336006,10.719730213637547
20.0,2,19.944231102236557,17.952227619649996,20.0,16.9773411529025
20.0,2,10.381050155927648,13.023914483201398,9.223121960963292,16.422854627926583
20.0,2,19.82702359355609,10.159317865213351,20.0,8.47561199973303
20.0,2,5.890810734965987,5.247019854522196,9.297007034849456,7.842414393091506
7.775590551181103,1,1.6306511458575723,0.04801330163061124,2.561100953473809,5.981050521466845
7.997750281214849,1,2.0104200773352754,0.8194743206405111,2.3440311481727005,7.704844822120015
20.0,2,13.24039895773545,16.292474539682672,14.591219983217398,16.492584841263024
20.0,2,19.87299298226371,7.749078741954697,19.092293597980387,5.183520374550812
20.0,2,12.828421902787133,12.250302861303627,14.197089013341442,7.102851697774174
20.0,2,14.278710344112838,13.871832770191206,12.3988280768386,13.421564743484572
20.0,2,12.827946403809916,14.74903716327781,14.197089013341442,18.351062538198818
20.0,2,13.240398263443655,13.382758281114516,19.428181333610468,17.003560438955468
20.0,2,14.100318218526708,10.34341866347638,6.805026864814725,7.973807701238677
20.0,2,12.828421539000658,13.113884963024883,14.197089013341442,15.483853499881299
20.0,2,13.240394926839533,14.231813977715955,4.730196018432713,15.062167811831202
20.0,2,12.02272931913428,13.551486258452936,4.933379960152906,15.049500200057373
20.0,2,14.181502647404058,9.91297142500065,12.601446393467752,10.74468551227413
20.0,2,19.94945235701175,18.240120505006036,20.0,14.69032332332214
19.64924838940587,2,10.507593444380072,12.220090385908817,19.566624967856246,10.236123117736831
20.0,2,18.45444325993016,9.72594168279485,20.0,9.70682448057287
